Number,Theme,Subtheme,Year,Set name,Minifigs,Pieces,RRP (GBP),RRP (USD),RRP (CAD),RRP (EUR),EAN,UPC,Width,Height,Depth,Weight,Notes,Qty owned,Qty owned new,Qty owned used,Flag 1 not used,Flag 2 not used,Flag 3 not used,Flag 4 not used,Flag 5 not used,Flag 6 not used,Flag 7 not used,Flag 8 not used,Value new (USD),Value used (USD),Launch date,Exit date
"10403-1","Classic","Building Bigger Thinking",2018,"World Fun",2,295,14.99,19.99,24.99,19.99,5702016176360,673419292528,26.2,19.1,4.6,,"",1,1,0,,,,,,,,,14.8800,9.1000,"01/01/2018","31/12/2018"
"10703-1","Classic","",2017,"Creative Builder Box",,502,19.99,,,24.99,5702015868860,673419267366,26.2,22.2,14.3,,"",1,1,0,,,,,,,,,35.5500,20.0000,"01/01/2017","31/12/2018"
"10712-1","Classic","",2018,"Bricks and Gears",,244,17.99,19.99,24.99,19.99,5702016111347,673419282901,26.2,19.1,6.1,0.4,"",1,1,0,,,,,,,,,20.9900,11.6700,"01/01/2018","31/12/2019"
"10713-1","Classic","",2018,"Creative Suitcase",,213,17.99,19.99,24.99,19.99,5702016111330,673419282895,28.5,26.2,6.4,0.84,"",1,1,0,,,,,,,,,14.5400,10.5000,"01/01/2018","31/12/2024"
"10715-1","Classic","",2018,"Bricks on a Roll",,442,19.99,,,24.99,5702016111910,,26.2,22.2,14.3,,"",1,1,0,,,,,,,,,22.7700,15.3700,"01/01/2018","31/07/2021"
"10731-1","Juniors","Cars 3",2017,"Cruz Ramirez Race Simulator",1,59,7.99,9.99,12.99,9.99,,673419266703,15.6972,14.097,4.4958,0.1270058,"",1,1,0,,,,,,,,,10.2100,8.0000,"01/06/2017","31/12/2018"
"10750-1","Juniors","City",2018,"Road Repair Truck",1,73,8.99,9.99,12.99,9.99,5702016092974,673419279888,15.5,14,4.4,0.15,"",1,1,0,,,,,,,,,8.6600,6.3400,"",""
"17101-1","Boost","",2017,"Boost Creative Toolbox",,843,149.99,159.99,199.99,169.99,5702015930000,673419272292,54.0004,28.194,9.0932,1.383456,"",1,1,0,,,,,,,,,155.1300,87.5700,"01/08/2017","31/12/2022"
"21145-1","Minecraft","Minifig-scale",2018,"The Skull Arena",2,198,19.99,19.99,24.99,19.49,5702016109634,673419281577,26.2,19.1,7.2,0.42,"",1,1,0,,,,,,,,,40.4700,19.9800,"01/08/2018","31/12/2020"
"21148-1","Minecraft","Bigfigs",2019,"Minecraft Steve BigFig with Parrot",,159,12.99,14.99,19.99,14.99,5702016370560,673419304320,14.1,19.1,4.6,0.17,"",1,1,0,,,,,,,,,26.5100,18.5500,"01/01/2019","31/12/2019"
"21149-1","Minecraft","Bigfigs",2019,"Minecraft Alex BigFig with Chicken",,160,12.99,14.99,19.99,14.99,5702016370874,673419304337,14.1,19.1,4.6,0.17,"",1,1,0,,,,,,,,,28.0000,13.5200,"01/01/2019","31/12/2019"
"21150-1","Minecraft","Bigfigs",2019,"Minecraft Skeleton BigFig with Magma Cube",,142,12.99,14.99,19.99,14.99,5702016370881,673419304344,14.1,19.1,4.6,0.17,"",1,1,0,,,,,,,,,24.0600,13.7500,"01/01/2019","31/12/2019"
"21151-1","Minecraft","Minifig-scale",2019,"The End Battle",2,222,19.99,19.99,24.99,19.99,5702016370898,673419304450,26.2,19.1,6.1,0.38,"",1,1,0,,,,,,,,,30.4100,13.5700,"01/01/2019","31/12/2021"
"21155-1","Minecraft","Minifig-scale",2019,"The Creeper Mine",4,834,79.99,79.99,99.99,79.99,5702016370935,,54,28.2,9.1,,"",1,1,0,,,,,,,,,86.9900,63.3500,"01/08/2019","31/12/2021"
"21156-1","Minecraft","Bigfigs",2020,"BigFig Creeper and Ocelot",,184,12.99,14.99,19.99,14.61,5702016618235,673419319003,14.1,19.1,4.6,0.16,"",1,1,0,,,,,,,,,19.3000,12.1600,"01/01/2020","31/12/2020"
"21157-1","Minecraft","Bigfigs",2020,"BigFig Pig with Baby Zombie",,159,12.99,14.99,19.99,14.61,5702016618242,673419319010,14.1,19.1,4.6,0.17,"",1,1,0,,,,,,,,,17.1400,10.5800,"01/01/2020","31/12/2020"
"21158-1","Minecraft","Minifig-scale",2020,"The Panda Nursery",1,204,17.99,19.99,24.99,19.99,5702016618259,673419319027,26.2,19.1,6.1,0.32,"",1,1,0,,,,,,,,,17.2200,13.4800,"01/01/2020","31/12/2022"
"21162-1","Minecraft","Minifig-scale",2020,"The Taiga Adventure",2,74,8.99,9.99,13.99,9.99,5702016618297,673419319065,14.1,12.2,4.6,0.1,"",1,1,0,,,,,,,,,11.2800,6.8500,"01/01/2020","31/12/2021"
"21164-1","Minecraft","Minifig-scale",2021,"The Coral Reef",2,92,8.99,9.99,13.99,9.99,5702016913569,,14.1,12.2,6.1,,"",1,1,0,,,,,,,,,9.3900,5.5800,"01/01/2021","31/12/2023"
"21165-1","Minecraft","Minifig-scale",2020,"The Bee Farm",2,238,17.99,19.99,24.99,19.99,5702016913774,673419340205,26.2,19.1,6.1,,"",1,1,0,,,,,,,,,17.5600,11.5000,"01/12/2020","31/12/2022"
"21167-1","Minecraft","Minifig-scale",2020,"The Trading Post",3,201,19.99,19.99,24.99,22.99,5702016913453,673419340229,26.2,19.1,6.1,,"",1,1,0,,,,,,,,,18.5300,11.3400,"01/12/2020","31/12/2022"
"21178-1","Minecraft","Minifig-scale",2022,"The Fox Lodge",2,193,17.99,19.99,32.99,19.99,5702017155791,,26.2,19.1,6.1,,"",1,1,0,,,,,,,,,17.0300,15.0000,"01/01/2022","31/12/2023"
"21179-1","Minecraft","Minifig-scale",2022,"The Mushroom House",2,272,17.99,24.99,32.99,19.99,5702017156583,,26.2,19.1,6.1,,"",1,1,0,,,,,,,,,15.3200,13.1400,"01/01/2022","31/12/2023"
"30331-1","Minecraft","Minifig-scale",2021,"The Nether Duel",2,28,,,,,5702016916324,673419341691,17,19.5,0.9,,"",1,1,0,,,,,,,,,5.4400,4.2000,"01/01/2021","31/12/2021"
"30392-1","Harry Potter","General",2021,"Hermione's Study Desk",1,31,,,,,,673419341714,17,17,0.6,,"",1,1,0,,,,,,,,,4.5800,3.4100,"01/08/2021","31/12/2022"
"30411-1","Friends","Miscellaneous",2020,"Chocolate Box & Flower",,75,3.49,4.99,4.99,3.99,5702016668704,,20,19.5,1.1,0.054,"",1,1,0,,,,,,,,,3.0000,1.0000,"01/01/2020","31/12/2021"
"30414-1","Friends","Amusement Park",2021,"Emma's Magical Box",1,67,,,,,5702016916225,673419341752,17,17,2.2,,"",1,1,0,,,,,,,,,2.8500,,"01/06/2021","31/12/2022"
"30420-1","Harry Potter","General",2020,"Harry Potter and Hedwig: Owl Delivery",1,31,,,,,5702016668087,673419322065,17,17,0.7,,"",1,1,0,,,,,,,,,4.4800,3.6900,"01/06/2020","31/12/2021"
"30532-1","Ninjago","Sons of Garmadon",2018,"Turbo",1,61,3.99,,,3.49,5702016123258,,17,17,1,,"",1,1,0,,,,,,,,,4.3500,5.8800,"01/01/2018","31/12/2018"
"30574-1","Creator","3 in 1",2020,"Cat",,55,3.49,4.99,,3.99,5702016668186,,17,17,0.7,0.03,"",1,1,0,,,,,,,,,5.0600,2.4600,"01/01/2020","31/12/2020"
"30578-1","Creator","3 in 1",2021,"German Shepherd",,76,,,,,5702016915822,,17,19.5,1,0.046,"",1,1,0,,,,,,,,,4.2200,2.0000,"01/01/2021","31/12/2021"
"30579-1","Creator","Seasonal",2021,"Easter Chick Egg",,52,3.49,4.99,,3.99,5702016914788,673419340915,17,19.5,0.9,0.041,"",1,1,0,,,,,,,,,4.6000,1.4700,"01/03/2021","31/12/2021"
"30591-1","Ninjago","Possession",2021,"Titanium Mini Mech",,77,,,,,5702016914122,673419339827,17,17,1.1,,"",1,1,0,,,,,,,,,3.8300,3.2600,"01/01/2021","31/12/2021"
"31058-1","Creator","3 in 1",2017,"Mighty Dinosaurs",,174,12.99,14.99,17.99,14.99,5702015867535,673419266482,26.2128,14.097,4.8006,0.2358678,"",1,1,0,,,,,,,,,10.6900,7.5400,"",""
"31074-1","Creator","3 in 1",2018,"Rocket Rally Car",,241,17.99,19.99,24.99,19.99,5702016111798,673419283267,26.2,19.1,6.1,0.44,"",1,1,0,,,,,,,,,20.0800,11.9900,"01/01/2018","31/12/2019"
"31087-1","Creator","3 in 1",2019,"Dune Buggy",,147,12.99,12.99,17.99,12.66,5702016367829,673419302081,19.1,14.1,6.1,0.25,"",1,1,0,,,,,,,,,11.6500,6.3300,"",""
"31092-1","Creator","3 in 1",2019,"Helicopter Adventure",,114,9.99,9.99,13.99,9.74,5702016395389,673419308779,19.1,14.1,4.6,0.19,"",1,1,0,,,,,,,,,7.8300,5.5000,"01/01/2019","31/12/2020"
"31114-1","Creator","3 in 1",2021,"Superbike",,236,17.99,19.99,24.99,19.99,5702016888362,,26.2,19.1,6.1,,"",1,1,0,,,,,,,,,14.8700,13.3700,"01/01/2021","31/12/2022"
"31122-1","Creator","3 in 1",2021,"Fish Tank",,352,24.99,29.99,39.99,29.99,5702016973778,673419345002,35.2,18.9,5.6,0.578,"",1,1,0,,,,,,,,,31.2400,23.2100,"01/06/2021","31/12/2022"
"31128-1","Creator","3 in 1",2022,"Dolphin and Turtle",,137,8.99,9.99,13.99,9.99,5702017117423,,18.8,14,4.5,0.181,"",1,1,0,,,,,,,,,8.3000,,"01/03/2022","31/12/2023"
"40198-1","Miscellaneous","Games",2018,"LEGO Ludo Game",16,389,34.99,39.99,49.99,38.98,5702016123531,,38,26,5.4,0.755,"",1,1,0,,,,,,,,,37.5700,26.5200,"01/09/2018","31/12/2019"
"40251-1","Creator","Promotional",2017,"Mini Piggy Bank",,248,11.99,,,14.99,5702015867450,673419266000,26.2,14,6,,"",2,2,0,,,,,,,,,16.9200,7.5000,"01/06/2017","31/12/2017"
"40371-1","Seasonal","Easter",2020,"Easter Egg",,239,11.99,12.99,16.99,12.99,5702016650167,,18.9,14,6.9,0.252,"",2,2,0,,,,,,,,,12.9400,8.7500,"01/03/2020","31/12/2021"
"41112-1","Friends","Party",2016,"Party Cakes",,50,3.99,4.99,6.99,4.99,,673419247481,12.192,9.0932,4.699,0.06356,"",1,1,0,,,,,,,,,5.0000,3.4200,"01/01/2016","31/12/2016"
"41113-1","Friends","Party",2016,"Party Gift Shop",,52,3.99,4.99,6.99,4.99,,673419247528,12.192,9.0932,4.699,0.07718,"",1,1,0,,,,,,,,,10.3200,3.9500,"01/01/2016","31/12/2016"
"41114-1","Friends","Party",2016,"Party Styling",,54,3.99,4.99,6.99,4.99,,673419247542,12.192,9.0932,4.699,0.07264,"",1,1,0,,,,,,,,,5.3900,3.2900,"01/01/2016","31/12/2016"
"41165-1","Disney","Frozen II",2019,"Anna's Canoe Expedition",2,108,17.99,19.99,24.99,19.99,5702016368628,,26.2,14.1,7.2,,"",1,1,0,,,,,,,,,12.2600,9.8700,"04/10/2019","31/07/2021"
"41166-1","Disney","Frozen II",2019,"Elsa and the Reindeer Carriage",1,116,24.99,29.99,39.99,29.99,5702016368635,,26.2,19.1,6.1,,"",1,1,0,,,,,,,,,18.7200,13.5000,"04/10/2019","31/12/2022"
"41168-1","Disney","Frozen II",2019,"Elsa's Jewellery Box",1,300,34.99,39.99,49.99,39.99,5702016368659,,28.2,26.2,7.6,,"",1,1,0,,,,,,,,,31.5900,15.0000,"04/10/2019","31/12/2023"
"41251-1","Trolls World Tour","",2020,"Poppy's Pod",1,103,19.99,19.99,24.99,19.99,5702016616774,673419317986,26.2,19.1,6.1,0.29,"",1,1,0,,,,,,,,,12.8400,15.7600,"01/01/2020","31/07/2021"
"41332-1","Friends","",2018,"Emma's Art Stand",1,210,17.99,19.99,24.99,19.99,5702016077438,673419280020,26.2,19.1,6.1,0.32,"",1,1,0,,,,,,,,,13.7800,9.1000,"01/01/2018","31/12/2019"
"41353-1","Friends","Seasonal",2018,"Friends Advent Calendar",,500,22.99,29.99,39.99,29.99,5702016112054,,38.2,26.2,7.1,,"",1,1,0,,,,,,,,,26.6800,16.9500,"01/09/2018","31/12/2018"
"41360-1","Friends","",2019,"Emma's Mobile Veterinary Clinic ",1,50,7.99,9.99,13.99,9.74,5702016370249,673419303996,14.1,15.7,4.5,0.1,"",1,1,0,,,,,,,,,7.7500,4.5700,"01/01/2019","31/12/2020"
"41361-1","Friends","",2019,"Mia's Foal Stable ",1,118,14.99,19.99,24.99,19.49,5702016370256,673419304009,26.2,19.1,6.1,0.29,"",1,1,0,,,,,,,,,18.0200,8.9600,"01/01/2019","31/12/2020"
"41362-1","Friends","",2019,"Heartlake City Supermarket",2,140,24.99,29.99,39.99,29.23,5702016370263,,35.4,19.1,5.9,,"",1,1,0,,,,,,,,,29.9900,9.7000,"01/06/2019","31/12/2020"
"41369-1","Friends","",2019,"Mia's House",3,715,59.99,69.99,89.99,68.23,5702016369441,673419303606,54,28.2,7.85,1.12,"",1,1,0,,,,,,,,,70.5700,40.0000,"01/01/2019","31/12/2020"
"41396-1","Friends","",2020,"Puppy Playground",1,57,8.99,9.99,13.99,9.99,5702016618839,673419319812,14.1,12.2,6.1,,"",1,1,0,,,,,,,,,7.3200,5.7500,"01/01/2020","31/12/2021"
"41397-1","Friends","",2020,"Juice Truck",2,103,17.99,19.99,24.99,19.49,5702016618846,673419319829,26.2,19.1,6.1,0.32,"",1,1,0,,,,,,,,,18.9100,15.8500,"01/01/2020","31/12/2020"
"41401-1","Friends","Play Cube",2020,"Stephanie's Play Cube - Baker",1,44,7.99,9.99,13.99,9.99,5702016618877,673419319850,15.3,20.5,5.2,0.09,"",1,1,0,,,,,,,,,6.9700,5.0000,"01/01/2020","31/03/2020"
"41402-1","Friends","Play Cube",2020,"Olivia's Play Cube - Researcher",1,40,7.99,9.99,13.99,9.99,5702016618884,673419319867,15.3,20.5,5.2,0.1,"",1,1,0,,,,,,,,,13.5000,,"01/01/2020","31/03/2020"
"41404-1","Friends","Play Cube",2020,"Emma's Play Cube - Photographer",1,40,7.99,9.99,13.99,9.99,5702016618907,673419319881,15.3,20.5,5.2,0.1,"",1,1,0,,,,,,,,,8.0000,9.9900,"01/01/2020","31/03/2020"
"41439-1","Friends","",2021,"Cat Grooming Car",2,60,8.99,9.99,13.99,9.99,5702016911503,,14,12,6,0.119,"",1,1,0,,,,,,,,,8.3400,7.2500,"01/01/2021","31/12/2022"
"41440-1","Friends","",2021,"Heartlake City Bakery",2,99,14.99,19.99,24.99,19.99,5702016913118,673419340496,26.2,19.1,6.1,,"",1,1,0,,,,,,,,,15.9500,,"01/03/2021","31/12/2021"
"41663-1","Friends","Play Cube",2021,"Emma's Dalmatian Cube",1,41,8.99,9.99,13.99,9.99,5702016915570,673419341318,15.7,21,5.2,,"",1,1,0,,,,,,,,,8.0000,,"01/01/2021","31/12/2021"
"41677-1","Friends","Forest",2021,"Forest Waterfall",2,93,8.99,9.99,13.99,9.99,5702016916515,673419342155,14.1,12.2,6.1,,"",1,1,0,,,,,,,,,8.7200,,"01/06/2021","31/12/2023"
"41904-1","Dots","Accessories",2020,"Animal Picture Holders",,423,12.99,14.99,19.99,14.99,5702016668643,673419321778,22.3,22.3,5,,"",1,1,0,,,,,,,,,14.3700,10.0000,"01/03/2020","31/12/2020"
"41915-1","Dots","Accessories",2020,"Jewelry Box",,374,17.99,19.99,24.99,19.99,5702016668698,673419322379,27.3,22.3,5.2,0.4,"",1,1,0,,,,,,,,,22.5900,,"01/06/2020","31/12/2021"
"41926-1","Dots","Miscellaneous",2021,"Creative Party Kit",,622,21.99,24.99,29.99,24.99,5702016914863,,22.2,26.2,7.6,,"",1,1,0,,,,,,,,,20.9600,,"01/01/2021","31/12/2022"
"41937-1","Dots","Accessories",2021,"Multi Pack - Summer Vibes",,441,24.99,29.99,39.99,29.99,5702016915853,673419341486,27.3,22.3,5.2,,"",1,1,0,,,,,,,,,23.6000,,"01/06/2021","30/11/2021"
"41940-1","Dots","Bag Tag",2021,"Bag Tag Unicorn",,80,5.99,6.99,8.99,6.99,5702016915358,,7.8,11.3,5.2,,"",1,1,0,,,,,,,,,4.7000,,"01/08/2021","31/12/2021"
"42072-1","Technic","",2018,"WHACK!",,135,17.99,19.99,24.99,19.99,5702016093254,673419280464,26.2,14.1,7.2,0.3,"",1,1,0,,,,,,,,,22.7300,11.5800,"",""
"42073-1","Technic","",2018,"BASH!",,139,17.99,19.99,24.99,19.99,5702016093261,673419280471,26.2,14.1,7.2,0.3,"",1,1,0,,,,,,,,,21.8800,9.3300,"",""
"42101-1","Technic","",2020,"Buggy",,117,8.99,12.99,17.99,9.74,5702016616408,673419318549,15.7,14.1,6.1,0.15,"",1,1,0,,,,,,,,,13.3300,6.1200,"01/01/2020","31/12/2020"
"42103-1","Technic","",2020,"Dragster",,225,17.99,19.99,24.99,19.99,5702016616422,673419318563,26.2,14.1,7.2,0.35,"",1,1,0,,,,,,,,,16.8200,9.2800,"01/01/2020","31/12/2021"
"42104-1","Technic","",2020,"Race Truck",,227,17.99,19.99,24.99,19.49,5702016616439,673419318570,26.2,14.1,7.2,0.35,"",1,1,0,,,,,,,,,19.4600,10.0200,"01/01/2020","31/12/2020"
"42116-1","Technic","",2021,"Skid Steer Loader",,140,8.99,9.99,13.99,9.99,5702016889215,,15.7,14.1,7.1,,"",1,1,0,,,,,,,,,8.4300,5.9500,"01/01/2021","31/12/2022"
"42117-1","Technic","",2021,"Race Plane",,145,8.99,9.99,13.99,9.99,5702016890914,,15.7,14.1,6.1,,"",1,1,0,,,,,,,,,7.6100,7.6500,"01/01/2021","31/12/2023"
"42132-1","Technic","",2022,"Chopper",,163,8.99,12.99,16.99,9.99,5702017117096,,15.7,14.1,6.1,,"",1,1,0,,,,,,,,,8.8900,,"01/01/2022","31/12/2023"
"42133-1","Technic","",2022,"Telehandler",,143,8.99,12.99,16.99,9.99,5702017116914,,15.7,14.1,7.1,,"",1,1,0,,,,,,,,,9.4700,,"01/03/2022","31/12/2023"
"43178-1","Disney","Cinderella",2020,"Cinderella's Castle Celebration",1,168,24.99,29.99,39.99,29.23,5702016618648,673419319713,26.2,19.1,7.2,0.42,"",1,1,0,,,,,,,,,27.9300,,"01/01/2020","31/12/2020"
"43180-1","Disney","Beauty and the Beast",2020,"Belle's Castle Winter Celebration",8,238,44.99,49.99,69.99,49.99,5702016618655,673419319720,38.2,26.2,5.7,0.59,"",1,1,0,,,,,,,,,40.3600,38.5000,"01/06/2020","31/07/2021"
"43184-1","Disney","Raya and the Last Dragon",2021,"Raya and Sisu Dragon",1,216,27.99,29.99,39.99,29.99,5702016746907,673419327459,0,0,0,0,"",1,1,0,,,,,,,,,27.5500,17.1400,"01/03/2021","31/12/2021"
"43188-1","Disney","Sleeping Beauty",2020,"Aurora's Forest Cottage",2,300,34.99,39.99,49.99,39.99,5702016907971,,26.2,22.2,7.6,,"",1,1,0,,,,,,,,,37.3100,27.6000,"01/09/2020","31/12/2021"
"43189-1","Disney","Storybook Adventures",2021,"Elsa and the Nokk Storybook Adventures",5,125,17.99,19.99,24.99,19.99,5702016909159,,20.5,19.1,6.1,,"",1,1,0,,,,,,,,,18.2200,,"01/01/2021","31/12/2023"
"43191-1","Disney","The Little Mermaid",2021,"Ariel's Celebration Boat",2,114,24.99,29.99,39.99,29.99,5702016909944,,26.2,19.1,6.1,,"",1,1,0,,,,,,,,,26.2300,,"01/01/2021","31/12/2021"
"43193-1","Disney","Storybook Adventures",2021,"Ariel, Belle, Cinderella and Tiana's Storybook Adventures",5,130,21.99,24.99,29.99,24.99,5702016909647,673419337601,20.5,19.1,6.1,,"",1,1,0,,,,,,,,,20.2900,,"01/08/2021","31/12/2022"
"43195-1","Disney","Disney Princess",2021,"Belle and Rapunzel's Royal Stables",2,239,44.99,49.99,69.99,49.99,5702016909661,673419337625,38.2,26.2,5.7,,"",1,1,0,,,,,,,,,,,"01/08/2021","31/12/2022"
"43198-1","Disney","Frozen II",2022,"Anna's Castle Courtyard",1,74,8.99,9.99,13.99,9.99,5702017154282,,14.1,12.2,4.6,,"",1,1,0,,,,,,,,,8.1800,2.0000,"01/01/2022","31/12/2023"
"43208-1","Disney","Disney Princess",2022,"Jasmine and Mulan's Adventure",2,176,39.99,44.99,59.99,44.99,5702017154350,,35.4,19.1,5.9,,"",1,1,0,,,,,,,,,30.2900,,"01/01/2022","31/12/2023"
"60081-1","City","Great Vehicles",2015,"Pickup Tow Truck",2,209,17.99,19.99,24.99,19.99,5702015350198,673419230612,26.2128,19.1008,6.096,0.4086,"",1,1,0,,,,,,,,,36.1200,11.2100,"01/01/2015","31/12/2016"
"60084-1","City","Great Vehicles",2015,"Racing Bike Transporter",2,178,17.99,19.99,24.99,19.99,5702015350228,673419230643,26.2128,19.1008,6.096,0.3632,"",1,1,0,,,,,,,,,30.2000,11.2900,"01/01/2015","31/12/2016"
"60100-1","City","Airport",2016,"Airport Starter Set",4,81,8.99,9.99,12.99,9.99,5702015590556,673419247351,15.6972,14.097,6.096,0.1451494,"",1,1,0,,,,,,,,,12.2400,6.8800,"01/06/2016","31/12/2017"
"60107-1","City","Fire",2016,"Fire Ladder Truck",2,214,17.99,24.99,29.99,19.99,5702015591768,673419247863,26.2128,19.1008,6.096,0.4036969,"",1,1,0,,,,,,,,,33.6300,16.8500,"01/01/2016","31/12/2018"
"60146-1","City","Great Vehicles",2017,"Stunt Truck",1,91,7.99,9.99,12.99,9.99,5702015865722,673419264655,15.6972,14.097,6.096,0.172365,"",1,1,0,,,,,,,,,16.5200,6.4700,"",""
"60150-1","City","Great Vehicles",2017,"Pizza Van",2,249,14.99,19.99,24.99,19.99,5702015865784,673419264693,26.2128,19.1008,6.096,0.4127687,"",1,1,0,,,,,,,,,27.1900,18.2800,"",""
"60156-1","City","Jungle",2017,"Jungle Buggy",1,53,4.99,6.99,7.99,5.99,5702015866026,673419264341,12.192,9.0932,5.842,0.08618248,"",1,1,0,,,,,,,,,9.9700,3.9800,"01/06/2017","31/12/2018"
"60171-1","City","Mountain Police",2018,"Mountain Fugitives",4,88,9.99,9.99,12.99,9.99,5702016109542,,15.6,14,4.3,,"",1,1,0,,,,,,,,,9.6500,4.9400,"01/01/2018","31/12/2018"
"60172-1","City","Mountain Police",2018,"Dirt Road Pursuit",3,297,24.99,39.99,49.99,29.99,5702016077537,673419279840,28.1,26,7.3,0.6,"",1,1,0,,,,,,,,,30.6200,16.8800,"",""
"60177-1","City","Great Vehicles",2018,"Airshow Jet",1,87,7.99,9.99,12.99,9.99,5702016075151,,15.7,13.9,6,,"",1,1,0,,,,,,,,,12.5300,5.6400,"01/01/2018","31/12/2018"
"60178-1","City","Great Vehicles",2018,"Speed Record Car",1,78,7.99,9.99,12.99,9.99,5702016075168,,15.5,13.9,6,,"",1,1,0,,,,,,,,,12.3400,5.5100,"01/01/2018","31/12/2018"
"60180-1","City","Great Vehicles",2018,"Monster Truck",1,192,14.99,19.99,24.99,19.99,5702016077490,673419279802,26.2,19,6,0.381,"",1,1,0,,,,,,,,,19.7700,12.4700,"",""
"60181-1","City","Great Vehicles",2018,"Forest Tractor",1,174,17.99,19.99,24.99,19.99,5702016077506,673419279819,26,18.9,6,0.38,"",1,1,0,,,,,,,,,28.4300,17.4300,"",""
"60182-1","City","Great Vehicles",2018,"Pickup & Caravan",3,344,24.99,29.99,39.99,29.99,5702016077513,673419279826,35.1,18.9,6.8,0.65,"",1,1,0,,,,,,,,,50.5100,19.7500,"",""
"60184-1","City","Mining",2018,"Mining Team",4,82,9.99,9.99,12.99,9.99,5702019109504,673419280846,15.6,14,4.3,0.13,"",1,1,0,,,,,,,,,10.6400,7.1600,"01/01/2018","31/07/2019"
"60185-1","City","Mining",2018,"Mining Power Splitter",1,127,12.99,19.99,24.99,14.99,5702016109511,673419281454,26.2,14,6,0.263,"",1,1,0,,,,,,,,,14.0100,8.3700,"01/01/2018","31/07/2019"
"60190-1","City","Arctic",2018,"Arctic Ice Glider",1,50,4.99,6.99,8.99,5.99,5702016108781,673419281256,10.1,9.1,5.8,0.079,"",1,1,0,,,,,,,,,12.2000,3.0900,"01/06/2018","31/12/2019"
"60191-1","City","Arctic",2018,"Arctic Exploration Team",3,70,9.99,9.99,12.99,9.99,5702016108798,673419281263,15.6,13.9,4.4,0.116,"",1,1,0,,,,,,,,,12.5400,6.6700,"01/06/2018","31/12/2019"
"60192-1","City","Arctic",2018,"Arctic Ice Crawler",1,200,15.99,24.99,29.99,19.99,5702016109450,673419280792,26.1,18.8,5.9,0.34,"",1,1,0,,,,,,,,,22.1900,13.1700,"01/06/2018","31/12/2019"
"60207-1","City","Sky Police",2019,"Sky Police Drone Chase",3,192,17.99,29.99,39.99,19.49,5702016369564,673419303675,26,28.9,5.9,0.351,"",1,1,0,,,,,,,,,17.9300,11.3500,"",""
"60218-1","City","Great Vehicles",2019,"Desert Rally Racer",1,75,9.99,9.99,13.99,9.99,5702016369502,673419303514,15.6,14,6,0.161,"",1,1,0,,,,,,,,,9.6800,7.3700,"",""
"60222-1","City","Great Vehicles",2019,"Snow Groomer",2,197,17.99,19.99,24.99,19.49,5702016369540,673419303651,26,19,6,0.387,"",1,1,0,,,,,,,,,23.7300,15.9800,"",""
"60224-1","City","Mars Exploration",2019,"Satellite Service Mission",1,84,9.99,9.99,13.99,9.74,5702016369946,673419303910,15.6,13.9,6,0.153,"",1,1,0,,,,,,,,,10.0000,6.8900,"01/06/2019","31/12/2020"
"60225-1","City","Mars Exploration",2019,"Rover Testing Drive",2,202,17.99,29.99,39.99,19.49,5702016369953,,26,18.9,6,0.363,"",1,1,0,,,,,,,,,26.0400,18.4900,"01/06/2019","31/12/2020"
"60226-1","City","Mars Exploration",2019,"Mars Research Shuttle",2,273,24.99,39.99,49.99,29.99,5702016369960,,28.2,26,7.3,0.609,"",1,1,0,,,,,,,,,30.8100,19.2800,"01/06/2019","31/12/2021"
"60255-1","City","Traffic",2020,"Stunt Team",2,62,8.99,9.99,13.99,9.74,5702016617894,673419319232,15.6,14,4.4,0.104,"",1,1,0,,,,,,,,,10.8200,8.3200,"01/01/2020","31/12/2020"
"60310-1","City","Stuntz",2021,"Chicken Stunt Bike",1,10,6.99,7.99,9.99,7.99,5702017024226,,9.1,12.2,4.7,0.044,"",1,1,0,,,,,,,,,6.1100,7.5100,"01/10/2021","31/12/2022"
"60332-1","City","Stuntz",2022,"Reckless Scorpion Stunt Bike",1,15,6.99,7.99,9.99,7.99,5702017161945,,9.1,12.2,4.7,0.045,"",1,1,0,,,,,,,,,6.7000,,"01/06/2022","31/12/2023"
"70638-1","Ninjago","Sons of Garmadon",2018,"Katana V11",2,257,14.99,19.99,24.99,19.99,5702016108897,673419281225,26.2,19.1,6.1,0.32,"",1,1,0,,,,,,,,,26.3200,12.2300,"01/01/2018","31/12/2019"
"70639-1","Ninjago","Sons of Garmadon",2018,"Street Race of Snake Jaguar",2,308,24.99,29.99,39.99,29.99,5702016108903,673419281232,35.4,19.1,5.9,0.44,"",1,1,0,,,,,,,,,71.5100,42.2800,"01/01/2018","31/12/2019"
"70650-1","Ninjago","Hunted",2018,"Destiny's Wing",2,181,17.99,19.99,24.99,19.99,5702016109856,673419282185,26.2,19.1,6.1,0.33,"",1,1,0,,,,,,,,,37.9900,17.0500,"01/06/2018","31/12/2019"
"70665-1","Ninjago","General",2019,"The Samurai Mech",3,154,14.99,14.99,19.99,14.61,5702016367355,673419301701,14.1,19.1,4.6,0.16,"",1,1,0,,,,,,,,,20.3700,10.7300,"01/01/2019","31/12/2020"
"70666-1","Ninjago","The Final Battle",2019,"The Golden Dragon",3,171,17.99,19.99,24.99,19.49,5702016367362,673419301718,20.5,19.1,6.1,0.24,"",1,1,0,,,,,,,,,30.0100,15.2400,"01/01/2019","31/12/2020"
"70668-1","Ninjago","Rise of the Snakes",2019,"Jay's Storm Fighter",4,490,34.99,39.99,49.99,38.98,5702016367485,673419301732,38.2,26.2,7.05,0.7,"",1,1,0,,,,,,,,,57.2800,36.1100,"01/01/2019","31/12/2020"
"70671-1","Ninjago","Secrets of the Forbidden Spinjitzu",2019,"Lloyd's Journey",2,81,12.99,14.99,19.99,14.61,5702016365481,,15.7,14.1,6.1,,"",1,1,0,,,,,,,,,18.5200,15.3000,"01/06/2019","31/12/2020"
"70672-1","Ninjago","Secrets of the Forbidden Spinjitzu",2019,"Cole's Dirt Bike",3,212,17.99,19.99,24.99,19.49,5702016365498,,26.2,19.1,6.1,,"",1,1,0,,,,,,,,,24.4900,12.8900,"01/06/2019","31/12/2020"
"70673-1","Ninjago","Secrets of the Forbidden Spinjitzu",2019,"Shuricopter",3,361,24.99,29.99,39.99,29.23,5702016365504,,38.2,26.2,5.7,,"",1,1,0,,,,,,,,,36.7700,25.9000,"01/06/2019","31/12/2020"
"70677-1","Ninjago","Secrets of the Forbidden Spinjitzu",2019,"Land Bounty",9,1178,119.99,129.99,159.99,126.71,5702016365542,,58.2,37.8,8.7,,"",1,1,0,,,,,,,,,176.6800,122.2500,"01/06/2019","31/12/2020"
"70680-1","Ninjago","General",2019,"Monastery Training",2,122,8.99,9.99,13.99,9.99,5702016394429,673419308687,14.1,12.2,6.1,0.13,"",1,1,0,,,,,,,,,10.4000,5.9700,"01/01/2019","31/12/2019"
"70683-1","Ninjago","Spinjitzu Slam",2019,"Spinjitzu Slam - Zane",1,63,8.99,9.99,13.99,9.99,5702016469028,,23.8,23,6.2,,"",1,1,0,,,,,,,,,14.0800,5.8300,"01/06/2019","31/07/2020"
"70821-1","The LEGO Movie 2","",2019,"Emmet and Benny's 'Build and Fix' Workshop!",2,117,17.99,19.99,24.99,19.99,5702016367935,673419302203,26.2,19.1,6.1,0.34,"",1,1,0,,,,,,,,,15.5400,12.9800,"01/01/2019","31/12/2019"
"70823-1","The LEGO Movie 2","",2019,"Emmet's Thricycle!",1,174,12.99,14.99,19.99,14.99,5702016367959,673419302227,14.1,26.2,6.1,0.25,"",1,1,0,,,,,,,,,10.7200,9.4000,"01/01/2019","31/12/2019"
"70836-1","The LEGO Movie 2","",2019,"Battle-Ready Batman and MetalBeard",2,168,17.99,19.99,24.99,19.99,5702016368192,673419302364,20.5,19.1,4.6,0.24,"",1,1,0,,,,,,,,,15.6900,11.4500,"01/01/2019","31/12/2019"
"70841-1","The LEGO Movie 2","",2019,"Benny's Space Squad",5,68,8.99,9.99,13.99,9.99,5702016395396,673419308786,14.1,12.2,4.6,0.09,"",1,1,0,,,,,,,,,14.4500,13.1200,"01/01/2019","31/12/2019"
"71707-1","Ninjago","Prime Empire",2020,"Kai's Mech Jet",2,217,17.99,19.99,24.99,19.99,5702016616934,673419318143,26.2,19.1,4.6,0.36,"",1,1,0,,,,,,,,,19.3200,12.8000,"01/01/2020","31/07/2021"
"71716-1","Ninjago","Arcade Pod",2020,"Lloyd Avatar - Arcade Pod",2,48,8.99,9.99,13.99,9.74,5702016617016,673419318228,10.8,24.7,8.2,0.14,"",1,1,0,,,,,,,,,13.6300,7.6500,"01/01/2020","31/12/2020"
"71717-1","Ninjago","Master of the Mountain",2020,"Journey to the Skull Dungeons",4,401,24.99,29.99,39.99,24.99,5702016617023,673419318235,35.4,19.1,7,0.565,"",1,1,0,,,,,,,,,32.6900,30.0000,"01/06/2020","31/07/2021"
"71718-1","Ninjago","Master of the Mountain",2020,"Wu's Battle Dragon",2,321,17.99,19.99,24.99,19.99,5702016617030,673419318242,26.2,19.1,6.1,0.32,"",1,1,0,,,,,,,,,28.4900,24.1700,"01/06/2020","31/07/2021"
"75036-1","Star Wars","Episode III",2014,"Utapau Troopers",4,83,11.99,12.99,15.99,16.99,5702015121132,673419209335,19.1008,14.097,4.5974,0.11,"",1,1,0,,,,,,,,,83.9900,53.7600,"01/01/2014","31/07/2015"
"75074-1","Star Wars","Microfighters",2015,"Snowspeeder Microfighter",1,97,8.99,9.99,12.99,9.99,5702015349109,673419230278,14.097,12.192,4.5974,0.09525432,"",1,1,0,,,,,,,,,15.1300,8.3600,"01/01/2015","31/12/2016"
"75184-1","Star Wars","Seasonal",2017,"Star Wars Advent Calendar",8,309,24.99,39.99,49.99,29.99,5702015869997,673419267717,38.2016,26.2128,7.0612,0.4218405,"",1,1,0,,,,,,,,,38.1900,28.9900,"01/09/2017","31/12/2017"
"75229-1","Star Wars","Episode IV",2019,"Death Star Escape",4,329,24.99,29.99,39.99,29.99,5702016370386,673419303811,26.2,19.1,7.2,0.44,"",1,1,0,,,,,,,,,37.8600,29.6300,"01/01/2019","31/12/2019"
"75258-1","Star Wars","Episode I",2019,"Anakin's Podracer â€“ 20th Anniversary Edition",3,279,24.99,29.99,39.99,29.23,5702016370713,673419304146,26.2,19.1,6.1,,"",1,1,0,,,,,,,,,35.5100,30.2300,"01/04/2019","31/12/2020"
"75279-1","Star Wars","Seasonal",2020,"Star Wars Advent Calendar",10,311,24.99,39.99,49.99,29.23,5702016617085,673419318297,0,0,0,0,"",1,1,0,,,,,,,,,47.8400,40.6700,"01/09/2020","31/12/2020"
"75549-1","Minions: The Rise of Gru","",2020,"Unstoppable Bike Chase",3,136,17.99,19.99,24.99,19.99,5702016619195,673419320177,26.2,19.1,4.6,0.23,"",1,1,0,,,,,,,,,17.0500,13.0800,"27/04/2020","31/12/2021"
"75890-1","Speed Champions","Ferrari",2019,"Ferrari F40 Competizione",1,198,12.99,14.99,19.99,14.99,5702016370942,673419304504,19.1,14.1,6.1,0.22,"",1,1,0,,,,,,,,,16.9400,13.5200,"01/01/2019","31/07/2021"
"75892-1","Speed Champions","McLaren",2019,"McLaren Senna",1,219,12.99,14.99,19.99,14.99,5702016370966,673419304528,19.1,14.1,6.1,0.25,"",1,1,0,,,,,,,,,18.0200,11.1800,"01/01/2019","31/07/2021"
"75945-1","Harry Potter","Prisoner of Azkaban",2019,"Expecto Patronum",4,121,19.99,19.99,24.99,19.49,5702016368468,,26.2,14.1,4.8,,"",1,1,0,,,,,,,,,25.7400,17.7800,"01/06/2019","31/12/2020"
"75950-1","Harry Potter","Chamber of Secrets",2018,"Aragog's Lair",2,157,12.99,14.99,18.99,19.99,5702016110333,673419281935,19.1,14.1,4.6,0.16,"",1,1,0,,,,,,,,,28.7500,17.2900,"01/08/2018","31/12/2019"
"75951-1","Harry Potter","Fantastic Beasts",2018,"Grindelwald's Escape",2,132,19.99,19.99,24.99,29.99,5702016110340,673419281942,26.2,14.1,4.8,0.24,"",1,1,0,,,,,,,,,23.1900,13.4300,"01/08/2018","31/12/2019"
"75964-1","Harry Potter","Seasonal",2019,"Harry Potter Advent Calendar",8,305,24.99,39.99,49.99,24.99,5702016604108,,38.2,26.2,7.1,,"",1,1,0,,,,,,,,,35.6100,21.7100,"01/09/2019","31/12/2019"
"75965-1","Harry Potter","Goblet of Fire",2019,"The Rise of Voldemort",6,184,19.99,19.99,24.99,19.49,5702016604139,,26.2,19.1,4.6,,"",1,1,0,,,,,,,,,30.8100,22.8600,"01/08/2019","31/12/2020"
"76113-1","Marvel Super Heroes","Spider-Man",2019,"Spider-Man Bike Rescue",3,235,19.99,19.99,24.99,24.36,5702016368666,673419302890,26.2,19.1,6.1,0.34,"",1,1,0,,,,,,,,,43.3400,20.0000,"",""
"76120-1","DC Comics Super Heroes","Batman",2019,"Batwing and The Riddler Heist",4,489,49.99,49.99,69.99,48.73,5702016369144,,38.2,26.2,7.1,,"",1,1,0,,,,,,,,,74.7700,55.3300,"01/06/2019","31/12/2020"
"76123-1","Marvel Super Heroes","Avengers: Endgame",2019,"Captain America: Outriders Attack",4,167,19.99,19.99,24.99,24.36,5702016369052,,26.2,19.1,4.6,,"",1,1,0,,,,,,,,,23.4000,10.7900,"01/04/2019","31/12/2020"
"76134-1","Marvel Super Heroes","Spider-Man",2019,"Spider-Man: Doc Ock Diamond Heist",3,150,24.99,29.99,39.99,29.99,5702016369748,673419303774,22.2,26.2,7.6,0.53,"",1,1,0,,,,,,,,,32.0900,19.7200,"",""
"76140-1","Marvel Super Heroes","Avengers",2020,"Iron Man Mech",1,148,8.99,9.99,13.99,9.99,5702016618020,673419320221,14.1,19.1,4.6,0.16,"",1,1,0,,,,,,,,,10.9600,7.2400,"01/01/2020","31/12/2021"
"76141-1","Marvel Super Heroes","Avengers",2020,"Thanos Mech",1,152,8.99,9.99,13.99,9.99,5702016618037,673419320238,14.1,19.1,4.6,0.16,"",1,1,0,,,,,,,,,12.1400,8.5700,"01/01/2020","31/07/2021"
"76168-1","Marvel Super Heroes","Avengers",2021,"Captain America Mech Armor",1,121,8.99,9.99,13.99,9.99,5702016912739,,14.1,15.7,4.5,,"",1,1,0,,,,,,,,,14.1500,10.8800,"01/01/2021","31/12/2021"
"76169-1","Marvel Super Heroes","Avengers",2021,"Thor Mech Armor",1,139,8.99,9.99,13.99,9.99,5702016912746,,14.1,15.7,4.5,,"",1,1,0,,,,,,,,,13.1300,10.5800,"01/01/2021","31/12/2021"
"76171-1","Marvel Super Heroes","Spider-Man",2021,"Miles Morales Mech Armor",1,125,8.99,9.99,13.99,9.99,5702016912760,,14.1,15.7,4.5,,"",1,1,0,,,,,,,,,12.9600,10.1600,"01/01/2021","31/12/2021"
"76186-1","Marvel Super Heroes","Avengers: Endgame",2021,"Black Panther Dragon Flyer",3,202,17.99,19.99,24.99,19.99,5702016913033,673419339544,26.2,19.1,4.6,,"",1,1,0,,,,,,,,,15.4800,11.5000,"01/06/2021","31/12/2022"
"76195-1","Marvel Super Heroes","Spider-Man: Homecoming",2021,"Spider-Man's Drone Duel",2,198,17.99,19.99,24.99,19.99,5702016913231,,26.2,19.1,4.6,,"",1,1,0,,,,,,,,,19.4300,15.0000,"01/10/2021","31/12/2022"
"76198-1","Marvel Super Heroes","Spider-Man",2021,"Spider-Man & Doctor Octopus Mech Battle",2,305,17.99,19.99,24.99,19.99,5702016989694,673419345606,26.2,19.1,4.6,,"",1,1,0,,,,,,,,,24.4500,10.6500,"26/04/2021","31/12/2022"
"76205-1","Marvel Super Heroes","Doctor Strange in the Multiverse of Madness",2022,"Gargantos Showdown",3,264,24.99,29.99,39.99,29.99,5702017184500,,26.2,19.1,6.1,,"",1,1,0,,,,,,,,,25.1100,19.8100,"01/01/2022","31/12/2022"
"76384-1","Harry Potter","Hogwarts Moments",2021,"Hogwarts Moment: Herbology Class",3,233,27.99,29.99,39.99,29.99,5702016912951,,19.1,26.2,6.1,,"",1,1,0,,,,,,,,,43.3100,28.3300,"01/01/2021","31/12/2021"
"76388-1","Harry Potter","Prisoner of Azkaban",2021,"Hogsmeade Village Visit",7,851,79.99,89.99,119.99,89.99,5702016913675,673419340458,48,28.2,7.4,,"",1,1,0,,,,,,,,,64.7600,57.6000,"01/06/2021","31/12/2024"
"76399-1","Harry Potter","General",2022,"Hogwarts Magical Trunk",1,603,59.99,64.99,84.99,64.99,5702017153407,,38.2,26.2,5.7,,"",1,1,0,,,,,,,,,43.7300,38.0000,"01/03/2022","31/12/2023"
"854049-1","Seasonal","Halloween",2020,"Pumpkin & Bat Duo",,130,8.99,9.99,12.99,9.99,,673419332019,8.2,10.1,4.5,0.117,"",1,1,0,,,,,,,,,10.9700,10.0000,"",""







